,photo_id,tag,title,image_url
0,49683212572,[],2020-03-21 01.41.05 1,https://www.flickr.com/photos/federicaceccotti/49683212572/
1,49683212577,[],2020-03-21 01.41.10 1,https://www.flickr.com/photos/federicaceccotti/49683212577/
2,35474387130,"['autofocus', 'cascata', 'simplysuperb', 'umbria', 'europa', 'italia', 'italy', 'lacascatadellemarmore', 'europe', 'travel', 'nikon', 'lemarmore', 'tourism', 'alice240', 'atelier240art', 'alicealicjacieliczka', 'acqua', 'dream', 'magic', 'water', 'poetry', 'flickr', 'nationalgeographic', 'ngc']",La cascata delle Marmore,https://www.flickr.com/photos/alice240/35474387130/
3,49398438731,"['robertobertolle', 'robertolle', 'roberto', 'bertolle', 'italia', 'italy', 'umbria', 'terni', 'musica', 'music', 'pop', 'rock', 'recitazione', 'danza', 'giannineri', 'vocalmaster']",Concerto di Natale (2019) Vocal Master - 9086,https://www.flickr.com/photos/robertobertolle/49398438731/
4,49398650272,"['robertobertolle', 'robertolle', 'roberto', 'bertolle', 'italia', 'italy', 'umbria', 'terni', 'musica', 'music', 'pop', 'rock', 'recitazione', 'danza', 'giannineri', 'vocalmaster']",Concerto di Natale (2019) Vocal Master - 9084,https://www.flickr.com/photos/robertobertolle/49398650272/
5,49398650197,"['robertobertolle', 'robertolle', 'roberto', 'bertolle', 'italia', 'italy', 'umbria', 'terni', 'musica', 'music', 'pop', 'rock', 'recitazione', 'danza', 'giannineri', 'vocalmaster']",Concerto di Natale (2019) Vocal Master - 9083,https://www.flickr.com/photos/robertobertolle/49398650197/
6,49398650152,"['robertobertolle', 'robertolle', 'roberto', 'bertolle', 'italia', 'italy', 'umbria', 'terni', 'musica', 'music', 'pop', 'rock', 'recitazione', 'danza', 'giannineri', 'vocalmaster']",Concerto di Natale (2019) Vocal Master - 9082,https://www.flickr.com/photos/robertobertolle/49398650152/
7,49398650082,"['robertobertolle', 'robertolle', 'roberto', 'bertolle', 'italia', 'italy', 'umbria', 'terni', 'musica', 'music', 'pop', 'rock', 'recitazione', 'danza', 'giannineri', 'vocalmaster']",Concerto di Natale (2019) Vocal Master - 9081,https://www.flickr.com/photos/robertobertolle/49398650082/
8,49398649917,"['robertobertolle', 'robertolle', 'roberto', 'bertolle', 'italia', 'italy', 'umbria', 'terni', 'musica', 'music', 'pop', 'rock', 'recitazione', 'danza', 'giannineri', 'vocalmaster']",Concerto di Natale (2019) Vocal Master - 9080,https://www.flickr.com/photos/robertobertolle/49398649917/
9,49398649837,"['robertobertolle', 'robertolle', 'roberto', 'bertolle', 'italia', 'italy', 'umbria', 'terni', 'musica', 'music', 'pop', 'rock', 'recitazione', 'danza', 'giannineri', 'vocalmaster']",Concerto di Natale (2019) Vocal Master - 9078,https://www.flickr.com/photos/robertobertolle/49398649837/
10,49398438101,"['robertobertolle', 'robertolle', 'roberto', 'bertolle', 'italia', 'italy', 'umbria', 'terni', 'musica', 'music', 'pop', 'rock', 'recitazione', 'danza', 'giannineri', 'vocalmaster']",Concerto di Natale (2019) Vocal Master - 9077,https://www.flickr.com/photos/robertobertolle/49398438101/
11,49398649642,"['robertobertolle', 'robertolle', 'roberto', 'bertolle', 'italia', 'italy', 'umbria', 'terni', 'musica', 'music', 'pop', 'rock', 'recitazione', 'danza', 'giannineri', 'vocalmaster']",Concerto di Natale (2019) Vocal Master - 9076,https://www.flickr.com/photos/robertobertolle/49398649642/
12,49398649472,"['robertobertolle', 'robertolle', 'roberto', 'bertolle', 'italia', 'italy', 'umbria', 'terni', 'musica', 'music', 'pop', 'rock', 'recitazione', 'danza', 'giannineri', 'vocalmaster']",Concerto di Natale (2019) Vocal Master - 9075,https://www.flickr.com/photos/robertobertolle/49398649472/
13,49397961063,"['robertobertolle', 'robertolle', 'roberto', 'bertolle', 'italia', 'italy', 'umbria', 'terni', 'musica', 'music', 'pop', 'rock', 'recitazione', 'danza', 'giannineri', 'vocalmaster']",Concerto di Natale (2019) Vocal Master - 9073,https://www.flickr.com/photos/robertobertolle/49397961063/
14,49398649092,"['robertobertolle', 'robertolle', 'roberto', 'bertolle', 'italia', 'italy', 'umbria', 'terni', 'musica', 'music', 'pop', 'rock', 'recitazione', 'danza', 'giannineri', 'vocalmaster']",Concerto di Natale (2019) Vocal Master - 9072,https://www.flickr.com/photos/robertobertolle/49398649092/
15,49398649012,"['robertobertolle', 'robertolle', 'roberto', 'bertolle', 'italia', 'italy', 'umbria', 'terni', 'musica', 'music', 'pop', 'rock', 'recitazione', 'danza', 'giannineri', 'vocalmaster']",Concerto di Natale (2019) Vocal Master - 9071,https://www.flickr.com/photos/robertobertolle/49398649012/
16,49398644537,"['robertobertolle', 'robertolle', 'roberto', 'bertolle', 'italia', 'italy', 'umbria', 'terni', 'musica', 'music', 'pop', 'rock', 'recitazione', 'danza', 'giannineri', 'vocalmaster']",Concerto di Natale (2019) Vocal Master - 9034,https://www.flickr.com/photos/robertobertolle/49398644537/
17,49398644252,"['robertobertolle', 'robertolle', 'roberto', 'bertolle', 'italia', 'italy', 'umbria', 'terni', 'musica', 'music', 'pop', 'rock', 'recitazione', 'danza', 'giannineri', 'vocalmaster']",Concerto di Natale (2019) Vocal Master - 9032,https://www.flickr.com/photos/robertobertolle/49398644252/
18,49398644082,"['robertobertolle', 'robertolle', 'roberto', 'bertolle', 'italia', 'italy', 'umbria', 'terni', 'musica', 'music', 'pop', 'rock', 'recitazione', 'danza', 'giannineri', 'vocalmaster']",Concerto di Natale (2019) Vocal Master - 9031,https://www.flickr.com/photos/robertobertolle/49398644082/
19,49398431806,"['robertobertolle', 'robertolle', 'roberto', 'bertolle', 'italia', 'italy', 'umbria', 'terni', 'musica', 'music', 'pop', 'rock', 'recitazione', 'danza', 'giannineri', 'vocalmaster']",Concerto di Natale (2019) Vocal Master - 9030,https://www.flickr.com/photos/robertobertolle/49398431806/
20,49398431726,"['robertobertolle', 'robertolle', 'roberto', 'bertolle', 'italia', 'italy', 'umbria', 'terni', 'musica', 'music', 'pop', 'rock', 'recitazione', 'danza', 'giannineri', 'vocalmaster']",Concerto di Natale (2019) Vocal Master - 9029,https://www.flickr.com/photos/robertobertolle/49398431726/
21,49398643597,"['robertobertolle', 'robertolle', 'roberto', 'bertolle', 'italia', 'italy', 'umbria', 'terni', 'musica', 'music', 'pop', 'rock', 'recitazione', 'danza', 'giannineri', 'vocalmaster']",Concerto di Natale (2019) Vocal Master - 9028,https://www.flickr.com/photos/robertobertolle/49398643597/
22,49398431571,"['robertobertolle', 'robertolle', 'roberto', 'bertolle', 'italia', 'italy', 'umbria', 'terni', 'musica', 'music', 'pop', 'rock', 'recitazione', 'danza', 'giannineri', 'vocalmaster']",Concerto di Natale (2019) Vocal Master - 9027,https://www.flickr.com/photos/robertobertolle/49398431571/
23,49397955418,"['robertobertolle', 'robertolle', 'roberto', 'bertolle', 'italia', 'italy', 'umbria', 'terni', 'musica', 'music', 'pop', 'rock', 'recitazione', 'danza', 'giannineri', 'vocalmaster']",Concerto di Natale (2019) Vocal Master - 9026,https://www.flickr.com/photos/robertobertolle/49397955418/
24,49397955318,"['robertobertolle', 'robertolle', 'roberto', 'bertolle', 'italia', 'italy', 'umbria', 'terni', 'musica', 'music', 'pop', 'rock', 'recitazione', 'danza', 'giannineri', 'vocalmaster']",Concerto di Natale (2019) Vocal Master - 9025,https://www.flickr.com/photos/robertobertolle/49397955318/
25,49398431236,"['robertobertolle', 'robertolle', 'roberto', 'bertolle', 'italia', 'italy', 'umbria', 'terni', 'musica', 'music', 'pop', 'rock', 'recitazione', 'danza', 'giannineri', 'vocalmaster']",Concerto di Natale (2019) Vocal Master - 9024,https://www.flickr.com/photos/robertobertolle/49398431236/
26,49398643062,"['robertobertolle', 'robertolle', 'roberto', 'bertolle', 'italia', 'italy', 'umbria', 'terni', 'musica', 'music', 'pop', 'rock', 'recitazione', 'danza', 'giannineri', 'vocalmaster']",Concerto di Natale (2019) Vocal Master - 9023,https://www.flickr.com/photos/robertobertolle/49398643062/
27,49398642947,"['robertobertolle', 'robertolle', 'roberto', 'bertolle', 'italia', 'italy', 'umbria', 'terni', 'musica', 'music', 'pop', 'rock', 'recitazione', 'danza', 'giannineri', 'vocalmaster']",Concerto di Natale (2019) Vocal Master - 9022,https://www.flickr.com/photos/robertobertolle/49398642947/
28,49398642847,"['robertobertolle', 'robertolle', 'roberto', 'bertolle', 'italia', 'italy', 'umbria', 'terni', 'musica', 'music', 'pop', 'rock', 'recitazione', 'danza', 'giannineri', 'vocalmaster']",Concerto di Natale (2019) Vocal Master - 9021,https://www.flickr.com/photos/robertobertolle/49398642847/
29,49397954768,"['robertobertolle', 'robertolle', 'roberto', 'bertolle', 'italia', 'italy', 'umbria', 'terni', 'musica', 'music', 'pop', 'rock', 'recitazione', 'danza', 'giannineri', 'vocalmaster']",Concerto di Natale (2019) Vocal Master - 9020,https://www.flickr.com/photos/robertobertolle/49397954768/
30,49398642617,"['robertobertolle', 'robertolle', 'roberto', 'bertolle', 'italia', 'italy', 'umbria', 'terni', 'musica', 'music', 'pop', 'rock', 'recitazione', 'danza', 'giannineri', 'vocalmaster']",Concerto di Natale (2019) Vocal Master - 9019,https://www.flickr.com/photos/robertobertolle/49398642617/
31,49398642512,"['robertobertolle', 'robertolle', 'roberto', 'bertolle', 'italia', 'italy', 'umbria', 'terni', 'musica', 'music', 'pop', 'rock', 'recitazione', 'danza', 'giannineri', 'vocalmaster']",Concerto di Natale (2019) Vocal Master - 9018,https://www.flickr.com/photos/robertobertolle/49398642512/
32,49398642397,"['robertobertolle', 'robertolle', 'roberto', 'bertolle', 'italia', 'italy', 'umbria', 'terni', 'musica', 'music', 'pop', 'rock', 'recitazione', 'danza', 'giannineri', 'vocalmaster']",Concerto di Natale (2019) Vocal Master - 9017,https://www.flickr.com/photos/robertobertolle/49398642397/
33,49398642302,"['robertobertolle', 'robertolle', 'roberto', 'bertolle', 'italia', 'italy', 'umbria', 'terni', 'musica', 'music', 'pop', 'rock', 'recitazione', 'danza', 'giannineri', 'vocalmaster']",Concerto di Natale (2019) Vocal Master - 9016,https://www.flickr.com/photos/robertobertolle/49398642302/
34,49397954308,"['robertobertolle', 'robertolle', 'roberto', 'bertolle', 'italia', 'italy', 'umbria', 'terni', 'musica', 'music', 'pop', 'rock', 'recitazione', 'danza', 'giannineri', 'vocalmaster']",Concerto di Natale (2019) Vocal Master - 9015,https://www.flickr.com/photos/robertobertolle/49397954308/
35,49397954158,"['robertobertolle', 'robertolle', 'roberto', 'bertolle', 'italia', 'italy', 'umbria', 'terni', 'musica', 'music', 'pop', 'rock', 'recitazione', 'danza', 'giannineri', 'vocalmaster']",Concerto di Natale (2019) Vocal Master - 0095,https://www.flickr.com/photos/robertobertolle/49397954158/
36,49397960703,"['robertobertolle', 'robertolle', 'roberto', 'bertolle', 'italia', 'italy', 'umbria', 'terni', 'musica', 'music', 'pop', 'rock', 'recitazione', 'danza', 'giannineri', 'vocalmaster']",Concerto di Natale (2019) Vocal Master - 9070,https://www.flickr.com/photos/robertobertolle/49397960703/
37,49397960563,"['robertobertolle', 'robertolle', 'roberto', 'bertolle', 'italia', 'italy', 'umbria', 'terni', 'musica', 'music', 'pop', 'rock', 'recitazione', 'danza', 'giannineri', 'vocalmaster']",Concerto di Natale (2019) Vocal Master - 9068,https://www.flickr.com/photos/robertobertolle/49397960563/
38,49397960448,"['robertobertolle', 'robertolle', 'roberto', 'bertolle', 'italia', 'italy', 'umbria', 'terni', 'musica', 'music', 'pop', 'rock', 'recitazione', 'danza', 'giannineri', 'vocalmaster']",Concerto di Natale (2019) Vocal Master - 9067,https://www.flickr.com/photos/robertobertolle/49397960448/
39,49397960343,"['robertobertolle', 'robertolle', 'roberto', 'bertolle', 'italia', 'italy', 'umbria', 'terni', 'musica', 'music', 'pop', 'rock', 'recitazione', 'danza', 'giannineri', 'vocalmaster']",Concerto di Natale (2019) Vocal Master - 9066,https://www.flickr.com/photos/robertobertolle/49397960343/
40,49398648417,"['robertobertolle', 'robertolle', 'roberto', 'bertolle', 'italia', 'italy', 'umbria', 'terni', 'musica', 'music', 'pop', 'rock', 'recitazione', 'danza', 'giannineri', 'vocalmaster']",Concerto di Natale (2019) Vocal Master - 9065,https://www.flickr.com/photos/robertobertolle/49398648417/
41,49398648332,"['robertobertolle', 'robertolle', 'roberto', 'bertolle', 'italia', 'italy', 'umbria', 'terni', 'musica', 'music', 'pop', 'rock', 'recitazione', 'danza', 'giannineri', 'vocalmaster']",Concerto di Natale (2019) Vocal Master - 9064,https://www.flickr.com/photos/robertobertolle/49398648332/
42,49398648182,"['robertobertolle', 'robertolle', 'roberto', 'bertolle', 'italia', 'italy', 'umbria', 'terni', 'musica', 'music', 'pop', 'rock', 'recitazione', 'danza', 'giannineri', 'vocalmaster']",Concerto di Natale (2019) Vocal Master - 9063,https://www.flickr.com/photos/robertobertolle/49398648182/
43,49398648017,"['robertobertolle', 'robertolle', 'roberto', 'bertolle', 'italia', 'italy', 'umbria', 'terni', 'musica', 'music', 'pop', 'rock', 'recitazione', 'danza', 'giannineri', 'vocalmaster']",Concerto di Natale (2019) Vocal Master - 9062,https://www.flickr.com/photos/robertobertolle/49398648017/
44,49398647937,"['robertobertolle', 'robertolle', 'roberto', 'bertolle', 'italia', 'italy', 'umbria', 'terni', 'musica', 'music', 'pop', 'rock', 'recitazione', 'danza', 'giannineri', 'vocalmaster']",Concerto di Natale (2019) Vocal Master - 9061,https://www.flickr.com/photos/robertobertolle/49398647937/
45,49398436086,"['robertobertolle', 'robertolle', 'roberto', 'bertolle', 'italia', 'italy', 'umbria', 'terni', 'musica', 'music', 'pop', 'rock', 'recitazione', 'danza', 'giannineri', 'vocalmaster']",Concerto di Natale (2019) Vocal Master - 9058,https://www.flickr.com/photos/robertobertolle/49398436086/
46,49397959573,"['robertobertolle', 'robertolle', 'roberto', 'bertolle', 'italia', 'italy', 'umbria', 'terni', 'musica', 'music', 'pop', 'rock', 'recitazione', 'danza', 'giannineri', 'vocalmaster']",Concerto di Natale (2019) Vocal Master - 9057,https://www.flickr.com/photos/robertobertolle/49397959573/
47,49398647617,"['robertobertolle', 'robertolle', 'roberto', 'bertolle', 'italia', 'italy', 'umbria', 'terni', 'musica', 'music', 'pop', 'rock', 'recitazione', 'danza', 'giannineri', 'vocalmaster']",Concerto di Natale (2019) Vocal Master - 9056,https://www.flickr.com/photos/robertobertolle/49398647617/
48,49398647512,"['robertobertolle', 'robertolle', 'roberto', 'bertolle', 'italia', 'italy', 'umbria', 'terni', 'musica', 'music', 'pop', 'rock', 'recitazione', 'danza', 'giannineri', 'vocalmaster']",Concerto di Natale (2019) Vocal Master - 9055,https://www.flickr.com/photos/robertobertolle/49398647512/
49,49397959273,"['robertobertolle', 'robertolle', 'roberto', 'bertolle', 'italia', 'italy', 'umbria', 'terni', 'musica', 'music', 'pop', 'rock', 'recitazione', 'danza', 'giannineri', 'vocalmaster']",Concerto di Natale (2019) Vocal Master - 9054,https://www.flickr.com/photos/robertobertolle/49397959273/
50,49398435501,"['robertobertolle', 'robertolle', 'roberto', 'bertolle', 'italia', 'italy', 'umbria', 'terni', 'musica', 'music', 'pop', 'rock', 'recitazione', 'danza', 'giannineri', 'vocalmaster']",Concerto di Natale (2019) Vocal Master - 9053,https://www.flickr.com/photos/robertobertolle/49398435501/
51,49398647142,"['robertobertolle', 'robertolle', 'roberto', 'bertolle', 'italia', 'italy', 'umbria', 'terni', 'musica', 'music', 'pop', 'rock', 'recitazione', 'danza', 'giannineri', 'vocalmaster']",Concerto di Natale (2019) Vocal Master - 9052,https://www.flickr.com/photos/robertobertolle/49398647142/
52,49398646927,"['robertobertolle', 'robertolle', 'roberto', 'bertolle', 'italia', 'italy', 'umbria', 'terni', 'musica', 'music', 'pop', 'rock', 'recitazione', 'danza', 'giannineri', 'vocalmaster']",Concerto di Natale (2019) Vocal Master - 9051,https://www.flickr.com/photos/robertobertolle/49398646927/
53,49397958653,"['robertobertolle', 'robertolle', 'roberto', 'bertolle', 'italia', 'italy', 'umbria', 'terni', 'musica', 'music', 'pop', 'rock', 'recitazione', 'danza', 'giannineri', 'vocalmaster']",Concerto di Natale (2019) Vocal Master - 9050,https://www.flickr.com/photos/robertobertolle/49397958653/
54,49397958423,"['robertobertolle', 'robertolle', 'roberto', 'bertolle', 'italia', 'italy', 'umbria', 'terni', 'musica', 'music', 'pop', 'rock', 'recitazione', 'danza', 'giannineri', 'vocalmaster']",Concerto di Natale (2019) Vocal Master - 9049,https://www.flickr.com/photos/robertobertolle/49397958423/
55,49398646377,"['robertobertolle', 'robertolle', 'roberto', 'bertolle', 'italia', 'italy', 'umbria', 'terni', 'musica', 'music', 'pop', 'rock', 'recitazione', 'danza', 'giannineri', 'vocalmaster']",Concerto di Natale (2019) Vocal Master - 9048,https://www.flickr.com/photos/robertobertolle/49398646377/
56,49398434596,"['robertobertolle', 'robertolle', 'roberto', 'bertolle', 'italia', 'italy', 'umbria', 'terni', 'musica', 'music', 'pop', 'rock', 'recitazione', 'danza', 'giannineri', 'vocalmaster']",Concerto di Natale (2019) Vocal Master - 9046,https://www.flickr.com/photos/robertobertolle/49398434596/
57,49398434496,"['robertobertolle', 'robertolle', 'roberto', 'bertolle', 'italia', 'italy', 'umbria', 'terni', 'musica', 'music', 'pop', 'rock', 'recitazione', 'danza', 'giannineri', 'vocalmaster']",Concerto di Natale (2019) Vocal Master - 9045,https://www.flickr.com/photos/robertobertolle/49398434496/
58,49397958008,"['robertobertolle', 'robertolle', 'roberto', 'bertolle', 'italia', 'italy', 'umbria', 'terni', 'musica', 'music', 'pop', 'rock', 'recitazione', 'danza', 'giannineri', 'vocalmaster']",Concerto di Natale (2019) Vocal Master - 9044,https://www.flickr.com/photos/robertobertolle/49397958008/
59,49397957873,"['robertobertolle', 'robertolle', 'roberto', 'bertolle', 'italia', 'italy', 'umbria', 'terni', 'musica', 'music', 'pop', 'rock', 'recitazione', 'danza', 'giannineri', 'vocalmaster']",Concerto di Natale (2019) Vocal Master - 9043,https://www.flickr.com/photos/robertobertolle/49397957873/
60,49398434021,"['robertobertolle', 'robertolle', 'roberto', 'bertolle', 'italia', 'italy', 'umbria', 'terni', 'musica', 'music', 'pop', 'rock', 'recitazione', 'danza', 'giannineri', 'vocalmaster']",Concerto di Natale (2019) Vocal Master - 9042,https://www.flickr.com/photos/robertobertolle/49398434021/
61,49398433916,"['robertobertolle', 'robertolle', 'roberto', 'bertolle', 'italia', 'italy', 'umbria', 'terni', 'musica', 'music', 'pop', 'rock', 'recitazione', 'danza', 'giannineri', 'vocalmaster']",Concerto di Natale (2019) Vocal Master - 9041,https://www.flickr.com/photos/robertobertolle/49398433916/
62,49397957468,"['robertobertolle', 'robertolle', 'roberto', 'bertolle', 'italia', 'italy', 'umbria', 'terni', 'musica', 'music', 'pop', 'rock', 'recitazione', 'danza', 'giannineri', 'vocalmaster']",Concerto di Natale (2019) Vocal Master - 9040,https://www.flickr.com/photos/robertobertolle/49397957468/
63,49398433621,"['robertobertolle', 'robertolle', 'roberto', 'bertolle', 'italia', 'italy', 'umbria', 'terni', 'musica', 'music', 'pop', 'rock', 'recitazione', 'danza', 'giannineri', 'vocalmaster']",Concerto di Natale (2019) Vocal Master - 9039,https://www.flickr.com/photos/robertobertolle/49398433621/
64,49398645222,"['robertobertolle', 'robertolle', 'roberto', 'bertolle', 'italia', 'italy', 'umbria', 'terni', 'musica', 'music', 'pop', 'rock', 'recitazione', 'danza', 'giannineri', 'vocalmaster']",Concerto di Natale (2019) Vocal Master - 9038,https://www.flickr.com/photos/robertobertolle/49398645222/
65,49397957038,"['robertobertolle', 'robertolle', 'roberto', 'bertolle', 'italia', 'italy', 'umbria', 'terni', 'musica', 'music', 'pop', 'rock', 'recitazione', 'danza', 'giannineri', 'vocalmaster']",Concerto di Natale (2019) Vocal Master - 9037,https://www.flickr.com/photos/robertobertolle/49397957038/
66,49397956833,"['robertobertolle', 'robertolle', 'roberto', 'bertolle', 'italia', 'italy', 'umbria', 'terni', 'musica', 'music', 'pop', 'rock', 'recitazione', 'danza', 'giannineri', 'vocalmaster']",Concerto di Natale (2019) Vocal Master - 9036,https://www.flickr.com/photos/robertobertolle/49397956833/
67,49398644647,"['robertobertolle', 'robertolle', 'roberto', 'bertolle', 'italia', 'italy', 'umbria', 'terni', 'musica', 'music', 'pop', 'rock', 'recitazione', 'danza', 'giannineri', 'vocalmaster']",Concerto di Natale (2019) Vocal Master - 9035,https://www.flickr.com/photos/robertobertolle/49398644647/
68,49398432461,"['robertobertolle', 'robertolle', 'roberto', 'bertolle', 'italia', 'italy', 'umbria', 'terni', 'musica', 'music', 'pop', 'rock', 'recitazione', 'danza', 'giannineri', 'vocalmaster']",Concerto di Natale (2019) Vocal Master - 9033,https://www.flickr.com/photos/robertobertolle/49398432461/
69,49398641772,"['robertobertolle', 'robertolle', 'roberto', 'bertolle', 'italia', 'italy', 'umbria', 'terni', 'musica', 'music', 'pop', 'rock', 'recitazione', 'danza', 'giannineri', 'vocalmaster']",Concerto di Natale (2019) Vocal Master - 9087,https://www.flickr.com/photos/robertobertolle/49398641772/
70,49397953868,"['robertobertolle', 'robertolle', 'roberto', 'bertolle', 'italia', 'italy', 'umbria', 'terni', 'musica', 'music', 'pop', 'rock', 'recitazione', 'danza', 'giannineri', 'vocalmaster']",Concerto di Natale (2019) Vocal Master - 9088,https://www.flickr.com/photos/robertobertolle/49397953868/
71,49398429846,"['robertobertolle', 'robertolle', 'roberto', 'bertolle', 'italia', 'italy', 'umbria', 'terni', 'musica', 'music', 'pop', 'rock', 'recitazione', 'danza', 'giannineri', 'vocalmaster']",Concerto di Natale (2019) Vocal Master - 9089,https://www.flickr.com/photos/robertobertolle/49398429846/
72,49398641612,"['robertobertolle', 'robertolle', 'roberto', 'bertolle', 'italia', 'italy', 'umbria', 'terni', 'musica', 'music', 'pop', 'rock', 'recitazione', 'danza', 'giannineri', 'vocalmaster']",Concerto di Natale (2019) Vocal Master - 9090,https://www.flickr.com/photos/robertobertolle/49398641612/
73,49398641557,"['robertobertolle', 'robertolle', 'roberto', 'bertolle', 'italia', 'italy', 'umbria', 'terni', 'musica', 'music', 'pop', 'rock', 'recitazione', 'danza', 'giannineri', 'vocalmaster']",Concerto di Natale (2019) Vocal Master - 9091,https://www.flickr.com/photos/robertobertolle/49398641557/
74,49398641467,"['robertobertolle', 'robertolle', 'roberto', 'bertolle', 'italia', 'italy', 'umbria', 'terni', 'musica', 'music', 'pop', 'rock', 'recitazione', 'danza', 'giannineri', 'vocalmaster']",Concerto di Natale (2019) Vocal Master - 9092,https://www.flickr.com/photos/robertobertolle/49398641467/
75,49397953453,"['robertobertolle', 'robertolle', 'roberto', 'bertolle', 'italia', 'italy', 'umbria', 'terni', 'musica', 'music', 'pop', 'rock', 'recitazione', 'danza', 'giannineri', 'vocalmaster']",Concerto di Natale (2019) Vocal Master - 9093,https://www.flickr.com/photos/robertobertolle/49397953453/
76,49398641327,"['robertobertolle', 'robertolle', 'roberto', 'bertolle', 'italia', 'italy', 'umbria', 'terni', 'musica', 'music', 'pop', 'rock', 'recitazione', 'danza', 'giannineri', 'vocalmaster']",Concerto di Natale (2019) Vocal Master - 9094,https://www.flickr.com/photos/robertobertolle/49398641327/
77,49398641237,"['robertobertolle', 'robertolle', 'roberto', 'bertolle', 'italia', 'italy', 'umbria', 'terni', 'musica', 'music', 'pop', 'rock', 'recitazione', 'danza', 'giannineri', 'vocalmaster']",Concerto di Natale (2019) Vocal Master - 9095,https://www.flickr.com/photos/robertobertolle/49398641237/
78,49397953193,"['robertobertolle', 'robertolle', 'roberto', 'bertolle', 'italia', 'italy', 'umbria', 'terni', 'musica', 'music', 'pop', 'rock', 'recitazione', 'danza', 'giannineri', 'vocalmaster']",Concerto di Natale (2019) Vocal Master - 9096,https://www.flickr.com/photos/robertobertolle/49397953193/
79,49398641107,"['robertobertolle', 'robertolle', 'roberto', 'bertolle', 'italia', 'italy', 'umbria', 'terni', 'musica', 'music', 'pop', 'rock', 'recitazione', 'danza', 'giannineri', 'vocalmaster']",Concerto di Natale (2019) Vocal Master - 9097,https://www.flickr.com/photos/robertobertolle/49398641107/
80,49398641022,"['robertobertolle', 'robertolle', 'roberto', 'bertolle', 'italia', 'italy', 'umbria', 'terni', 'musica', 'music', 'pop', 'rock', 'recitazione', 'danza', 'giannineri', 'vocalmaster']",Concerto di Natale (2019) Vocal Master - 9099,https://www.flickr.com/photos/robertobertolle/49398641022/
81,49398429096,"['robertobertolle', 'robertolle', 'roberto', 'bertolle', 'italia', 'italy', 'umbria', 'terni', 'musica', 'music', 'pop', 'rock', 'recitazione', 'danza', 'giannineri', 'vocalmaster']",Concerto di Natale (2019) Vocal Master - 9101,https://www.flickr.com/photos/robertobertolle/49398429096/
82,49398428951,"['robertobertolle', 'robertolle', 'roberto', 'bertolle', 'italia', 'italy', 'umbria', 'terni', 'musica', 'music', 'pop', 'rock', 'recitazione', 'danza', 'giannineri', 'vocalmaster']",Concerto di Natale (2019) Vocal Master - 9102,https://www.flickr.com/photos/robertobertolle/49398428951/
83,49398428881,"['robertobertolle', 'robertolle', 'roberto', 'bertolle', 'italia', 'italy', 'umbria', 'terni', 'musica', 'music', 'pop', 'rock', 'recitazione', 'danza', 'giannineri', 'vocalmaster']",Concerto di Natale (2019) Vocal Master - 9103,https://www.flickr.com/photos/robertobertolle/49398428881/
84,49398428821,"['robertobertolle', 'robertolle', 'roberto', 'bertolle', 'italia', 'italy', 'umbria', 'terni', 'musica', 'music', 'pop', 'rock', 'recitazione', 'danza', 'giannineri', 'vocalmaster']",Concerto di Natale (2019) Vocal Master - 9104,https://www.flickr.com/photos/robertobertolle/49398428821/
85,49398640527,"['robertobertolle', 'robertolle', 'roberto', 'bertolle', 'italia', 'italy', 'umbria', 'terni', 'musica', 'music', 'pop', 'rock', 'recitazione', 'danza', 'giannineri', 'vocalmaster']",Concerto di Natale (2019) Vocal Master - 9105,https://www.flickr.com/photos/robertobertolle/49398640527/
86,49398640437,"['robertobertolle', 'robertolle', 'roberto', 'bertolle', 'italia', 'italy', 'umbria', 'terni', 'musica', 'music', 'pop', 'rock', 'recitazione', 'danza', 'giannineri', 'vocalmaster']",Concerto di Natale (2019) Vocal Master - 9106,https://www.flickr.com/photos/robertobertolle/49398640437/
87,49398640347,"['robertobertolle', 'robertolle', 'roberto', 'bertolle', 'italia', 'italy', 'umbria', 'terni', 'musica', 'music', 'pop', 'rock', 'recitazione', 'danza', 'giannineri', 'vocalmaster']",Concerto di Natale (2019) Vocal Master - 9107,https://www.flickr.com/photos/robertobertolle/49398640347/
88,49398626382,"['robertobertolle', 'robertolle', 'roberto', 'bertolle', 'italia', 'italy', 'umbria', 'terni', 'musica', 'music', 'pop', 'rock', 'recitazione', 'danza', 'giannineri', 'vocalmaster']",Concerto di Natale (2019) Vocal Master - 9142,https://www.flickr.com/photos/robertobertolle/49398626382/
89,49398414426,"['robertobertolle', 'robertolle', 'roberto', 'bertolle', 'italia', 'italy', 'umbria', 'terni', 'musica', 'music', 'pop', 'rock', 'recitazione', 'danza', 'giannineri', 'vocalmaster']",Concerto di Natale (2019) Vocal Master - 9141,https://www.flickr.com/photos/robertobertolle/49398414426/
90,49398626067,"['robertobertolle', 'robertolle', 'roberto', 'bertolle', 'italia', 'italy', 'umbria', 'terni', 'musica', 'music', 'pop', 'rock', 'recitazione', 'danza', 'giannineri', 'vocalmaster']",Concerto di Natale (2019) Vocal Master - 9140,https://www.flickr.com/photos/robertobertolle/49398626067/
91,49397938113,"['robertobertolle', 'robertolle', 'roberto', 'bertolle', 'italia', 'italy', 'umbria', 'terni', 'musica', 'music', 'pop', 'rock', 'recitazione', 'danza', 'giannineri', 'vocalmaster']",Concerto di Natale (2019) Vocal Master - 9139,https://www.flickr.com/photos/robertobertolle/49397938113/
92,49398625807,"['robertobertolle', 'robertolle', 'roberto', 'bertolle', 'italia', 'italy', 'umbria', 'terni', 'musica', 'music', 'pop', 'rock', 'recitazione', 'danza', 'giannineri', 'vocalmaster']",Concerto di Natale (2019) Vocal Master - 9138,https://www.flickr.com/photos/robertobertolle/49398625807/
93,49398414036,"['robertobertolle', 'robertolle', 'roberto', 'bertolle', 'italia', 'italy', 'umbria', 'terni', 'musica', 'music', 'pop', 'rock', 'recitazione', 'danza', 'giannineri', 'vocalmaster']",Concerto di Natale (2019) Vocal Master - 9137,https://www.flickr.com/photos/robertobertolle/49398414036/
94,49397937688,"['robertobertolle', 'robertolle', 'roberto', 'bertolle', 'italia', 'italy', 'umbria', 'terni', 'musica', 'music', 'pop', 'rock', 'recitazione', 'danza', 'giannineri', 'vocalmaster']",Concerto di Natale (2019) Vocal Master - 9136,https://www.flickr.com/photos/robertobertolle/49397937688/
95,49397937578,"['robertobertolle', 'robertolle', 'roberto', 'bertolle', 'italia', 'italy', 'umbria', 'terni', 'musica', 'music', 'pop', 'rock', 'recitazione', 'danza', 'giannineri', 'vocalmaster']",Concerto di Natale (2019) Vocal Master - 9135,https://www.flickr.com/photos/robertobertolle/49397937578/
96,49397937483,"['robertobertolle', 'robertolle', 'roberto', 'bertolle', 'italia', 'italy', 'umbria', 'terni', 'musica', 'music', 'pop', 'rock', 'recitazione', 'danza', 'giannineri', 'vocalmaster']",Concerto di Natale (2019) Vocal Master - 9134,https://www.flickr.com/photos/robertobertolle/49397937483/
97,49398413636,"['robertobertolle', 'robertolle', 'roberto', 'bertolle', 'italia', 'italy', 'umbria', 'terni', 'musica', 'music', 'pop', 'rock', 'recitazione', 'danza', 'giannineri', 'vocalmaster']",Concerto di Natale (2019) Vocal Master - 9133,https://www.flickr.com/photos/robertobertolle/49398413636/
98,49397937293,"['robertobertolle', 'robertolle', 'roberto', 'bertolle', 'italia', 'italy', 'umbria', 'terni', 'musica', 'music', 'pop', 'rock', 'recitazione', 'danza', 'giannineri', 'vocalmaster']",Concerto di Natale (2019) Vocal Master - 9132,https://www.flickr.com/photos/robertobertolle/49397937293/
99,49398413436,"['robertobertolle', 'robertolle', 'roberto', 'bertolle', 'italia', 'italy', 'umbria', 'terni', 'musica', 'music', 'pop', 'rock', 'recitazione', 'danza', 'giannineri', 'vocalmaster']",Concerto di Natale (2019) Vocal Master - 9131,https://www.flickr.com/photos/robertobertolle/49398413436/
100,49398625022,"['robertobertolle', 'robertolle', 'roberto', 'bertolle', 'italia', 'italy', 'umbria', 'terni', 'musica', 'music', 'pop', 'rock', 'recitazione', 'danza', 'giannineri', 'vocalmaster']",Concerto di Natale (2019) Vocal Master - 9130,https://www.flickr.com/photos/robertobertolle/49398625022/
101,49398624942,"['robertobertolle', 'robertolle', 'roberto', 'bertolle', 'italia', 'italy', 'umbria', 'terni', 'musica', 'music', 'pop', 'rock', 'recitazione', 'danza', 'giannineri', 'vocalmaster']",Concerto di Natale (2019) Vocal Master - 9129,https://www.flickr.com/photos/robertobertolle/49398624942/
102,49397936878,"['robertobertolle', 'robertolle', 'roberto', 'bertolle', 'italia', 'italy', 'umbria', 'terni', 'musica', 'music', 'pop', 'rock', 'recitazione', 'danza', 'giannineri', 'vocalmaster']",Concerto di Natale (2019) Vocal Master - 9128,https://www.flickr.com/photos/robertobertolle/49397936878/
103,49398624802,"['robertobertolle', 'robertolle', 'roberto', 'bertolle', 'italia', 'italy', 'umbria', 'terni', 'musica', 'music', 'pop', 'rock', 'recitazione', 'danza', 'giannineri', 'vocalmaster']",Concerto di Natale (2019) Vocal Master - 9127,https://www.flickr.com/photos/robertobertolle/49398624802/
104,49398624732,"['robertobertolle', 'robertolle', 'roberto', 'bertolle', 'italia', 'italy', 'umbria', 'terni', 'musica', 'music', 'pop', 'rock', 'recitazione', 'danza', 'giannineri', 'vocalmaster']",Concerto di Natale (2019) Vocal Master - 9126,https://www.flickr.com/photos/robertobertolle/49398624732/
105,49398624667,"['robertobertolle', 'robertolle', 'roberto', 'bertolle', 'italia', 'italy', 'umbria', 'terni', 'musica', 'music', 'pop', 'rock', 'recitazione', 'danza', 'giannineri', 'vocalmaster']",Concerto di Natale (2019) Vocal Master - 9125,https://www.flickr.com/photos/robertobertolle/49398624667/
106,49398412921,"['robertobertolle', 'robertolle', 'roberto', 'bertolle', 'italia', 'italy', 'umbria', 'terni', 'musica', 'music', 'pop', 'rock', 'recitazione', 'danza', 'giannineri', 'vocalmaster']",Concerto di Natale (2019) Vocal Master - 9124,https://www.flickr.com/photos/robertobertolle/49398412921/
107,49398412836,"['robertobertolle', 'robertolle', 'roberto', 'bertolle', 'italia', 'italy', 'umbria', 'terni', 'musica', 'music', 'pop', 'rock', 'recitazione', 'danza', 'giannineri', 'vocalmaster']",Concerto di Natale (2019) Vocal Master - 9123,https://www.flickr.com/photos/robertobertolle/49398412836/
108,49398624387,"['robertobertolle', 'robertolle', 'roberto', 'bertolle', 'italia', 'italy', 'umbria', 'terni', 'musica', 'music', 'pop', 'rock', 'recitazione', 'danza', 'giannineri', 'vocalmaster']",Concerto di Natale (2019) Vocal Master - 9122,https://www.flickr.com/photos/robertobertolle/49398624387/
109,49398624277,"['robertobertolle', 'robertolle', 'roberto', 'bertolle', 'italia', 'italy', 'umbria', 'terni', 'musica', 'music', 'pop', 'rock', 'recitazione', 'danza', 'giannineri', 'vocalmaster']",Concerto di Natale (2019) Vocal Master - 9121,https://www.flickr.com/photos/robertobertolle/49398624277/
110,49397936258,"['robertobertolle', 'robertolle', 'roberto', 'bertolle', 'italia', 'italy', 'umbria', 'terni', 'musica', 'music', 'pop', 'rock', 'recitazione', 'danza', 'giannineri', 'vocalmaster']",Concerto di Natale (2019) Vocal Master - 9120,https://www.flickr.com/photos/robertobertolle/49397936258/
111,49398624087,"['robertobertolle', 'robertolle', 'roberto', 'bertolle', 'italia', 'italy', 'umbria', 'terni', 'musica', 'music', 'pop', 'rock', 'recitazione', 'danza', 'giannineri', 'vocalmaster']",Concerto di Natale (2019) Vocal Master - 9119,https://www.flickr.com/photos/robertobertolle/49398624087/
112,49398412306,"['robertobertolle', 'robertolle', 'roberto', 'bertolle', 'italia', 'italy', 'umbria', 'terni', 'musica', 'music', 'pop', 'rock', 'recitazione', 'danza', 'giannineri', 'vocalmaster']",Concerto di Natale (2019) Vocal Master - 9118,https://www.flickr.com/photos/robertobertolle/49398412306/
113,49397935938,"['robertobertolle', 'robertolle', 'roberto', 'bertolle', 'italia', 'italy', 'umbria', 'terni', 'musica', 'music', 'pop', 'rock', 'recitazione', 'danza', 'giannineri', 'vocalmaster']",Concerto di Natale (2019) Vocal Master - 9117,https://www.flickr.com/photos/robertobertolle/49397935938/
114,49397935858,"['robertobertolle', 'robertolle', 'roberto', 'bertolle', 'italia', 'italy', 'umbria', 'terni', 'musica', 'music', 'pop', 'rock', 'recitazione', 'danza', 'giannineri', 'vocalmaster']",Concerto di Natale (2019) Vocal Master - 9116,https://www.flickr.com/photos/robertobertolle/49397935858/
115,49398623732,"['robertobertolle', 'robertolle', 'roberto', 'bertolle', 'italia', 'italy', 'umbria', 'terni', 'musica', 'music', 'pop', 'rock', 'recitazione', 'danza', 'giannineri', 'vocalmaster']",Concerto di Natale (2019) Vocal Master - 9115,https://www.flickr.com/photos/robertobertolle/49398623732/
116,49398623662,"['robertobertolle', 'robertolle', 'roberto', 'bertolle', 'italia', 'italy', 'umbria', 'terni', 'musica', 'music', 'pop', 'rock', 'recitazione', 'danza', 'giannineri', 'vocalmaster']",Concerto di Natale (2019) Vocal Master - 9114,https://www.flickr.com/photos/robertobertolle/49398623662/
117,49398623557,"['robertobertolle', 'robertolle', 'roberto', 'bertolle', 'italia', 'italy', 'umbria', 'terni', 'musica', 'music', 'pop', 'rock', 'recitazione', 'danza', 'giannineri', 'vocalmaster']",Concerto di Natale (2019) Vocal Master - 9113,https://www.flickr.com/photos/robertobertolle/49398623557/
118,49398411751,"['robertobertolle', 'robertolle', 'roberto', 'bertolle', 'italia', 'italy', 'umbria', 'terni', 'musica', 'music', 'pop', 'rock', 'recitazione', 'danza', 'giannineri', 'vocalmaster']",Concerto di Natale (2019) Vocal Master - 9112,https://www.flickr.com/photos/robertobertolle/49398411751/
119,49398411676,"['robertobertolle', 'robertolle', 'roberto', 'bertolle', 'italia', 'italy', 'umbria', 'terni', 'musica', 'music', 'pop', 'rock', 'recitazione', 'danza', 'giannineri', 'vocalmaster']",Concerto di Natale (2019) Vocal Master - 9111,https://www.flickr.com/photos/robertobertolle/49398411676/
120,49398411576,"['robertobertolle', 'robertolle', 'roberto', 'bertolle', 'italia', 'italy', 'umbria', 'terni', 'musica', 'music', 'pop', 'rock', 'recitazione', 'danza', 'giannineri', 'vocalmaster']",Concerto di Natale (2019) Vocal Master - 9110,https://www.flickr.com/photos/robertobertolle/49398411576/
121,49398623177,"['robertobertolle', 'robertolle', 'roberto', 'bertolle', 'italia', 'italy', 'umbria', 'terni', 'musica', 'music', 'pop', 'rock', 'recitazione', 'danza', 'giannineri', 'vocalmaster']",Concerto di Natale (2019) Vocal Master - 9109,https://www.flickr.com/photos/robertobertolle/49398623177/
122,49397935058,"['robertobertolle', 'robertolle', 'roberto', 'bertolle', 'italia', 'italy', 'umbria', 'terni', 'musica', 'music', 'pop', 'rock', 'recitazione', 'danza', 'giannineri', 'vocalmaster']",Concerto di Natale (2019) Vocal Master - 9108,https://www.flickr.com/photos/robertobertolle/49397935058/
123,49398411061,"['robertobertolle', 'robertolle', 'roberto', 'bertolle', 'italia', 'italy', 'umbria', 'terni', 'musica', 'music', 'pop', 'rock', 'recitazione', 'danza', 'giannineri', 'vocalmaster']",Concerto di Natale (2019) Vocal Master - 9143,https://www.flickr.com/photos/robertobertolle/49398411061/
124,49398622757,"['robertobertolle', 'robertolle', 'roberto', 'bertolle', 'italia', 'italy', 'umbria', 'terni', 'musica', 'music', 'pop', 'rock', 'recitazione', 'danza', 'giannineri', 'vocalmaster']",Concerto di Natale (2019) Vocal Master - 9144,https://www.flickr.com/photos/robertobertolle/49398622757/
125,49398410806,"['robertobertolle', 'robertolle', 'roberto', 'bertolle', 'italia', 'italy', 'umbria', 'terni', 'musica', 'music', 'pop', 'rock', 'recitazione', 'danza', 'giannineri', 'vocalmaster']",Concerto di Natale (2019) Vocal Master - 9145,https://www.flickr.com/photos/robertobertolle/49398410806/
126,49398410706,"['robertobertolle', 'robertolle', 'roberto', 'bertolle', 'italia', 'italy', 'umbria', 'terni', 'musica', 'music', 'pop', 'rock', 'recitazione', 'danza', 'giannineri', 'vocalmaster']",Concerto di Natale (2019) Vocal Master - 9146,https://www.flickr.com/photos/robertobertolle/49398410706/
127,49398622482,"['robertobertolle', 'robertolle', 'roberto', 'bertolle', 'italia', 'italy', 'umbria', 'terni', 'musica', 'music', 'pop', 'rock', 'recitazione', 'danza', 'giannineri', 'vocalmaster']",Concerto di Natale (2019) Vocal Master - 9147,https://www.flickr.com/photos/robertobertolle/49398622482/
128,49398622387,"['robertobertolle', 'robertolle', 'roberto', 'bertolle', 'italia', 'italy', 'umbria', 'terni', 'musica', 'music', 'pop', 'rock', 'recitazione', 'danza', 'giannineri', 'vocalmaster']",Concerto di Natale (2019) Vocal Master - 9148,https://www.flickr.com/photos/robertobertolle/49398622387/
129,49398622247,"['robertobertolle', 'robertolle', 'roberto', 'bertolle', 'italia', 'italy', 'umbria', 'terni', 'musica', 'music', 'pop', 'rock', 'recitazione', 'danza', 'giannineri', 'vocalmaster']",Concerto di Natale (2019) Vocal Master - 9149,https://www.flickr.com/photos/robertobertolle/49398622247/
130,49398410246,"['robertobertolle', 'robertolle', 'roberto', 'bertolle', 'italia', 'italy', 'umbria', 'terni', 'musica', 'music', 'pop', 'rock', 'recitazione', 'danza', 'giannineri', 'vocalmaster']",Concerto di Natale (2019) Vocal Master - 9150,https://www.flickr.com/photos/robertobertolle/49398410246/
131,49397933943,"['robertobertolle', 'robertolle', 'roberto', 'bertolle', 'italia', 'italy', 'umbria', 'terni', 'musica', 'music', 'pop', 'rock', 'recitazione', 'danza', 'giannineri', 'vocalmaster']",Concerto di Natale (2019) Vocal Master - 9151,https://www.flickr.com/photos/robertobertolle/49397933943/
132,49398410061,"['robertobertolle', 'robertolle', 'roberto', 'bertolle', 'italia', 'italy', 'umbria', 'terni', 'musica', 'music', 'pop', 'rock', 'recitazione', 'danza', 'giannineri', 'vocalmaster']",Concerto di Natale (2019) Vocal Master - 9152,https://www.flickr.com/photos/robertobertolle/49398410061/
133,49398621882,"['robertobertolle', 'robertolle', 'roberto', 'bertolle', 'italia', 'italy', 'umbria', 'terni', 'musica', 'music', 'pop', 'rock', 'recitazione', 'danza', 'giannineri', 'vocalmaster']",Concerto di Natale (2019) Vocal Master - 9153,https://www.flickr.com/photos/robertobertolle/49398621882/
134,49397933728,"['robertobertolle', 'robertolle', 'roberto', 'bertolle', 'italia', 'italy', 'umbria', 'terni', 'musica', 'music', 'pop', 'rock', 'recitazione', 'danza', 'giannineri', 'vocalmaster']",Concerto di Natale (2019) Vocal Master - 9154,https://www.flickr.com/photos/robertobertolle/49397933728/
135,49398409876,"['robertobertolle', 'robertolle', 'roberto', 'bertolle', 'italia', 'italy', 'umbria', 'terni', 'musica', 'music', 'pop', 'rock', 'recitazione', 'danza', 'giannineri', 'vocalmaster']",Concerto di Natale (2019) Vocal Master - 9155,https://www.flickr.com/photos/robertobertolle/49398409876/
136,49398621682,"['robertobertolle', 'robertolle', 'roberto', 'bertolle', 'italia', 'italy', 'umbria', 'terni', 'musica', 'music', 'pop', 'rock', 'recitazione', 'danza', 'giannineri', 'vocalmaster']",Concerto di Natale (2019) Vocal Master - 9156,https://www.flickr.com/photos/robertobertolle/49398621682/
137,49397933413,"['robertobertolle', 'robertolle', 'roberto', 'bertolle', 'italia', 'italy', 'umbria', 'terni', 'musica', 'music', 'pop', 'rock', 'recitazione', 'danza', 'giannineri', 'vocalmaster']",Concerto di Natale (2019) Vocal Master - 9157,https://www.flickr.com/photos/robertobertolle/49397933413/
138,49398621437,"['robertobertolle', 'robertolle', 'roberto', 'bertolle', 'italia', 'italy', 'umbria', 'terni', 'musica', 'music', 'pop', 'rock', 'recitazione', 'danza', 'giannineri', 'vocalmaster']",Concerto di Natale (2019) Vocal Master - 9158,https://www.flickr.com/photos/robertobertolle/49398621437/
139,49398409421,"['robertobertolle', 'robertolle', 'roberto', 'bertolle', 'italia', 'italy', 'umbria', 'terni', 'musica', 'music', 'pop', 'rock', 'recitazione', 'danza', 'giannineri', 'vocalmaster']",Concerto di Natale (2019) Vocal Master - 9159,https://www.flickr.com/photos/robertobertolle/49398409421/
140,49398409291,"['robertobertolle', 'robertolle', 'roberto', 'bertolle', 'italia', 'italy', 'umbria', 'terni', 'musica', 'music', 'pop', 'rock', 'recitazione', 'danza', 'giannineri', 'vocalmaster']",Concerto di Natale (2019) Vocal Master - 9160,https://www.flickr.com/photos/robertobertolle/49398409291/
141,49398621152,"['robertobertolle', 'robertolle', 'roberto', 'bertolle', 'italia', 'italy', 'umbria', 'terni', 'musica', 'music', 'pop', 'rock', 'recitazione', 'danza', 'giannineri', 'vocalmaster']",Concerto di Natale (2019) Vocal Master - 9161,https://www.flickr.com/photos/robertobertolle/49398621152/
142,49398409101,"['robertobertolle', 'robertolle', 'roberto', 'bertolle', 'italia', 'italy', 'umbria', 'terni', 'musica', 'music', 'pop', 'rock', 'recitazione', 'danza', 'giannineri', 'vocalmaster']",Concerto di Natale (2019) Vocal Master - 9162,https://www.flickr.com/photos/robertobertolle/49398409101/
143,49398408991,"['robertobertolle', 'robertolle', 'roberto', 'bertolle', 'italia', 'italy', 'umbria', 'terni', 'musica', 'music', 'pop', 'rock', 'recitazione', 'danza', 'giannineri', 'vocalmaster']",Concerto di Natale (2019) Vocal Master - 9163,https://www.flickr.com/photos/robertobertolle/49398408991/
144,49398408896,"['robertobertolle', 'robertolle', 'roberto', 'bertolle', 'italia', 'italy', 'umbria', 'terni', 'musica', 'music', 'pop', 'rock', 'recitazione', 'danza', 'giannineri', 'vocalmaster']",Concerto di Natale (2019) Vocal Master - 9164,https://www.flickr.com/photos/robertobertolle/49398408896/
145,49398408821,"['robertobertolle', 'robertolle', 'roberto', 'bertolle', 'italia', 'italy', 'umbria', 'terni', 'musica', 'music', 'pop', 'rock', 'recitazione', 'danza', 'giannineri', 'vocalmaster']",Concerto di Natale (2019) Vocal Master - 9165,https://www.flickr.com/photos/robertobertolle/49398408821/
146,49397932503,"['robertobertolle', 'robertolle', 'roberto', 'bertolle', 'italia', 'italy', 'umbria', 'terni', 'musica', 'music', 'pop', 'rock', 'recitazione', 'danza', 'giannineri', 'vocalmaster']",Concerto di Natale (2019) Vocal Master - 9166,https://www.flickr.com/photos/robertobertolle/49397932503/
147,49398620522,"['robertobertolle', 'robertolle', 'roberto', 'bertolle', 'italia', 'italy', 'umbria', 'terni', 'musica', 'music', 'pop', 'rock', 'recitazione', 'danza', 'giannineri', 'vocalmaster']",Concerto di Natale (2019) Vocal Master - 9171,https://www.flickr.com/photos/robertobertolle/49398620522/
148,49397932353,"['robertobertolle', 'robertolle', 'roberto', 'bertolle', 'italia', 'italy', 'umbria', 'terni', 'musica', 'music', 'pop', 'rock', 'recitazione', 'danza', 'giannineri', 'vocalmaster']",Concerto di Natale (2019) Vocal Master - 9173,https://www.flickr.com/photos/robertobertolle/49397932353/
149,49397932268,"['robertobertolle', 'robertolle', 'roberto', 'bertolle', 'italia', 'italy', 'umbria', 'terni', 'musica', 'music', 'pop', 'rock', 'recitazione', 'danza', 'giannineri', 'vocalmaster']",Concerto di Natale (2019) Vocal Master - 9174,https://www.flickr.com/photos/robertobertolle/49397932268/
150,49397932173,"['robertobertolle', 'robertolle', 'roberto', 'bertolle', 'italia', 'italy', 'umbria', 'terni', 'musica', 'music', 'pop', 'rock', 'recitazione', 'danza', 'giannineri', 'vocalmaster']",Concerto di Natale (2019) Vocal Master - 9175,https://www.flickr.com/photos/robertobertolle/49397932173/
151,49398620137,"['robertobertolle', 'robertolle', 'roberto', 'bertolle', 'italia', 'italy', 'umbria', 'terni', 'musica', 'music', 'pop', 'rock', 'recitazione', 'danza', 'giannineri', 'vocalmaster']",Concerto di Natale (2019) Vocal Master - 9176,https://www.flickr.com/photos/robertobertolle/49398620137/
152,49398620062,"['robertobertolle', 'robertolle', 'roberto', 'bertolle', 'italia', 'italy', 'umbria', 'terni', 'musica', 'music', 'pop', 'rock', 'recitazione', 'danza', 'giannineri', 'vocalmaster']",Concerto di Natale (2019) Vocal Master - 9177,https://www.flickr.com/photos/robertobertolle/49398620062/
153,49398408121,"['robertobertolle', 'robertolle', 'roberto', 'bertolle', 'italia', 'italy', 'umbria', 'terni', 'musica', 'music', 'pop', 'rock', 'recitazione', 'danza', 'giannineri', 'vocalmaster']",Concerto di Natale (2019) Vocal Master - 9178,https://www.flickr.com/photos/robertobertolle/49398408121/
154,49397931808,"['robertobertolle', 'robertolle', 'roberto', 'bertolle', 'italia', 'italy', 'umbria', 'terni', 'musica', 'music', 'pop', 'rock', 'recitazione', 'danza', 'giannineri', 'vocalmaster']",Concerto di Natale (2019) Vocal Master - 9179,https://www.flickr.com/photos/robertobertolle/49397931808/
155,49397931693,"['robertobertolle', 'robertolle', 'roberto', 'bertolle', 'italia', 'italy', 'umbria', 'terni', 'musica', 'music', 'pop', 'rock', 'recitazione', 'danza', 'giannineri', 'vocalmaster']",Concerto di Natale (2019) Vocal Master - 9180,https://www.flickr.com/photos/robertobertolle/49397931693/
156,49397931558,"['robertobertolle', 'robertolle', 'roberto', 'bertolle', 'italia', 'italy', 'umbria', 'terni', 'musica', 'music', 'pop', 'rock', 'recitazione', 'danza', 'giannineri', 'vocalmaster']",Concerto di Natale (2019) Vocal Master - 9181,https://www.flickr.com/photos/robertobertolle/49397931558/
157,49398619582,"['robertobertolle', 'robertolle', 'roberto', 'bertolle', 'italia', 'italy', 'umbria', 'terni', 'musica', 'music', 'pop', 'rock', 'recitazione', 'danza', 'giannineri', 'vocalmaster']",Concerto di Natale (2019) Vocal Master - 9182,https://www.flickr.com/photos/robertobertolle/49398619582/
158,49398619532,"['robertobertolle', 'robertolle', 'roberto', 'bertolle', 'italia', 'italy', 'umbria', 'terni', 'musica', 'music', 'pop', 'rock', 'recitazione', 'danza', 'giannineri', 'vocalmaster']",Concerto di Natale (2019) Vocal Master - 9183,https://www.flickr.com/photos/robertobertolle/49398619532/
159,49398606242,"['robertobertolle', 'robertolle', 'roberto', 'bertolle', 'italia', 'italy', 'umbria', 'terni', 'musica', 'music', 'pop', 'rock', 'recitazione', 'danza', 'giannineri', 'vocalmaster']",Concerto di Natale (2019) Vocal Master - 9214,https://www.flickr.com/photos/robertobertolle/49398606242/
160,49397918048,"['robertobertolle', 'robertolle', 'roberto', 'bertolle', 'italia', 'italy', 'umbria', 'terni', 'musica', 'music', 'pop', 'rock', 'recitazione', 'danza', 'giannineri', 'vocalmaster']",Concerto di Natale (2019) Vocal Master - 9213,https://www.flickr.com/photos/robertobertolle/49397918048/
161,49398606047,"['robertobertolle', 'robertolle', 'roberto', 'bertolle', 'italia', 'italy', 'umbria', 'terni', 'musica', 'music', 'pop', 'rock', 'recitazione', 'danza', 'giannineri', 'vocalmaster']",Concerto di Natale (2019) Vocal Master - 9212,https://www.flickr.com/photos/robertobertolle/49398606047/
162,49398605872,"['robertobertolle', 'robertolle', 'roberto', 'bertolle', 'italia', 'italy', 'umbria', 'terni', 'musica', 'music', 'pop', 'rock', 'recitazione', 'danza', 'giannineri', 'vocalmaster']",Concerto di Natale (2019) Vocal Master - 9211,https://www.flickr.com/photos/robertobertolle/49398605872/
163,49397917618,"['robertobertolle', 'robertolle', 'roberto', 'bertolle', 'italia', 'italy', 'umbria', 'terni', 'musica', 'music', 'pop', 'rock', 'recitazione', 'danza', 'giannineri', 'vocalmaster']",Concerto di Natale (2019) Vocal Master - 9210,https://www.flickr.com/photos/robertobertolle/49397917618/
164,49398393726,"['robertobertolle', 'robertolle', 'roberto', 'bertolle', 'italia', 'italy', 'umbria', 'terni', 'musica', 'music', 'pop', 'rock', 'recitazione', 'danza', 'giannineri', 'vocalmaster']",Concerto di Natale (2019) Vocal Master - 9209,https://www.flickr.com/photos/robertobertolle/49398393726/
165,49397917293,"['robertobertolle', 'robertolle', 'roberto', 'bertolle', 'italia', 'italy', 'umbria', 'terni', 'musica', 'music', 'pop', 'rock', 'recitazione', 'danza', 'giannineri', 'vocalmaster']",Concerto di Natale (2019) Vocal Master - 9208,https://www.flickr.com/photos/robertobertolle/49397917293/
166,49398605362,"['robertobertolle', 'robertolle', 'roberto', 'bertolle', 'italia', 'italy', 'umbria', 'terni', 'musica', 'music', 'pop', 'rock', 'recitazione', 'danza', 'giannineri', 'vocalmaster']",Concerto di Natale (2019) Vocal Master - 9207,https://www.flickr.com/photos/robertobertolle/49398605362/
167,49398393301,"['robertobertolle', 'robertolle', 'roberto', 'bertolle', 'italia', 'italy', 'umbria', 'terni', 'musica', 'music', 'pop', 'rock', 'recitazione', 'danza', 'giannineri', 'vocalmaster']",Concerto di Natale (2019) Vocal Master - 9206,https://www.flickr.com/photos/robertobertolle/49398393301/
168,49397916813,"['robertobertolle', 'robertolle', 'roberto', 'bertolle', 'italia', 'italy', 'umbria', 'terni', 'musica', 'music', 'pop', 'rock', 'recitazione', 'danza', 'giannineri', 'vocalmaster']",Concerto di Natale (2019) Vocal Master - 9205,https://www.flickr.com/photos/robertobertolle/49397916813/
169,49398393001,"['robertobertolle', 'robertolle', 'roberto', 'bertolle', 'italia', 'italy', 'umbria', 'terni', 'musica', 'music', 'pop', 'rock', 'recitazione', 'danza', 'giannineri', 'vocalmaster']",Concerto di Natale (2019) Vocal Master - 9204,https://www.flickr.com/photos/robertobertolle/49398393001/
170,49398604742,"['robertobertolle', 'robertolle', 'roberto', 'bertolle', 'italia', 'italy', 'umbria', 'terni', 'musica', 'music', 'pop', 'rock', 'recitazione', 'danza', 'giannineri', 'vocalmaster']",Concerto di Natale (2019) Vocal Master - 9202,https://www.flickr.com/photos/robertobertolle/49398604742/
171,49397916473,"['robertobertolle', 'robertolle', 'roberto', 'bertolle', 'italia', 'italy', 'umbria', 'terni', 'musica', 'music', 'pop', 'rock', 'recitazione', 'danza', 'giannineri', 'vocalmaster']",Concerto di Natale (2019) Vocal Master - 9201,https://www.flickr.com/photos/robertobertolle/49397916473/
172,49398604562,"['robertobertolle', 'robertolle', 'roberto', 'bertolle', 'italia', 'italy', 'umbria', 'terni', 'musica', 'music', 'pop', 'rock', 'recitazione', 'danza', 'giannineri', 'vocalmaster']",Concerto di Natale (2019) Vocal Master - 9200,https://www.flickr.com/photos/robertobertolle/49398604562/
173,49398604482,"['robertobertolle', 'robertolle', 'roberto', 'bertolle', 'italia', 'italy', 'umbria', 'terni', 'musica', 'music', 'pop', 'rock', 'recitazione', 'danza', 'giannineri', 'vocalmaster']",Concerto di Natale (2019) Vocal Master - 9199,https://www.flickr.com/photos/robertobertolle/49398604482/
174,49398392521,"['robertobertolle', 'robertolle', 'roberto', 'bertolle', 'italia', 'italy', 'umbria', 'terni', 'musica', 'music', 'pop', 'rock', 'recitazione', 'danza', 'giannineri', 'vocalmaster']",Concerto di Natale (2019) Vocal Master - 9197,https://www.flickr.com/photos/robertobertolle/49398392521/
175,49397916073,"['robertobertolle', 'robertolle', 'roberto', 'bertolle', 'italia', 'italy', 'umbria', 'terni', 'musica', 'music', 'pop', 'rock', 'recitazione', 'danza', 'giannineri', 'vocalmaster']",Concerto di Natale (2019) Vocal Master - 9196,https://www.flickr.com/photos/robertobertolle/49397916073/
176,49398392281,"['robertobertolle', 'robertolle', 'roberto', 'bertolle', 'italia', 'italy', 'umbria', 'terni', 'musica', 'music', 'pop', 'rock', 'recitazione', 'danza', 'giannineri', 'vocalmaster']",Concerto di Natale (2019) Vocal Master - 9195,https://www.flickr.com/photos/robertobertolle/49398392281/
177,49398392156,"['robertobertolle', 'robertolle', 'roberto', 'bertolle', 'italia', 'italy', 'umbria', 'terni', 'musica', 'music', 'pop', 'rock', 'recitazione', 'danza', 'giannineri', 'vocalmaster']",Concerto di Natale (2019) Vocal Master - 9194,https://www.flickr.com/photos/robertobertolle/49398392156/
178,49398603977,"['robertobertolle', 'robertolle', 'roberto', 'bertolle', 'italia', 'italy', 'umbria', 'terni', 'musica', 'music', 'pop', 'rock', 'recitazione', 'danza', 'giannineri', 'vocalmaster']",Concerto di Natale (2019) Vocal Master - 9192,https://www.flickr.com/photos/robertobertolle/49398603977/
179,49398391941,"['robertobertolle', 'robertolle', 'roberto', 'bertolle', 'italia', 'italy', 'umbria', 'terni', 'musica', 'music', 'pop', 'rock', 'recitazione', 'danza', 'giannineri', 'vocalmaster']",Concerto di Natale (2019) Vocal Master - 9191,https://www.flickr.com/photos/robertobertolle/49398391941/
180,49398391761,"['robertobertolle', 'robertolle', 'roberto', 'bertolle', 'italia', 'italy', 'umbria', 'terni', 'musica', 'music', 'pop', 'rock', 'recitazione', 'danza', 'giannineri', 'vocalmaster']",Concerto di Natale (2019) Vocal Master - 9190,https://www.flickr.com/photos/robertobertolle/49398391761/
181,49398603572,"['robertobertolle', 'robertolle', 'roberto', 'bertolle', 'italia', 'italy', 'umbria', 'terni', 'musica', 'music', 'pop', 'rock', 'recitazione', 'danza', 'giannineri', 'vocalmaster']",Concerto di Natale (2019) Vocal Master - 9189,https://www.flickr.com/photos/robertobertolle/49398603572/
182,49398391416,"['robertobertolle', 'robertolle', 'roberto', 'bertolle', 'italia', 'italy', 'umbria', 'terni', 'musica', 'music', 'pop', 'rock', 'recitazione', 'danza', 'giannineri', 'vocalmaster']",Concerto di Natale (2019) Vocal Master - 9188,https://www.flickr.com/photos/robertobertolle/49398391416/
183,49397915158,"['robertobertolle', 'robertolle', 'roberto', 'bertolle', 'italia', 'italy', 'umbria', 'terni', 'musica', 'music', 'pop', 'rock', 'recitazione', 'danza', 'giannineri', 'vocalmaster']",Concerto di Natale (2019) Vocal Master - 9187,https://www.flickr.com/photos/robertobertolle/49397915158/
184,49397915068,"['robertobertolle', 'robertolle', 'roberto', 'bertolle', 'italia', 'italy', 'umbria', 'terni', 'musica', 'music', 'pop', 'rock', 'recitazione', 'danza', 'giannineri', 'vocalmaster']",Concerto di Natale (2019) Vocal Master - 9186,https://www.flickr.com/photos/robertobertolle/49397915068/
185,49397914973,"['robertobertolle', 'robertolle', 'roberto', 'bertolle', 'italia', 'italy', 'umbria', 'terni', 'musica', 'music', 'pop', 'rock', 'recitazione', 'danza', 'giannineri', 'vocalmaster']",Concerto di Natale (2019) Vocal Master - 9185,https://www.flickr.com/photos/robertobertolle/49397914973/
186,49397914893,"['robertobertolle', 'robertolle', 'roberto', 'bertolle', 'italia', 'italy', 'umbria', 'terni', 'musica', 'music', 'pop', 'rock', 'recitazione', 'danza', 'giannineri', 'vocalmaster']",Concerto di Natale (2019) Vocal Master - 9184,https://www.flickr.com/photos/robertobertolle/49397914893/
187,49397914703,"['robertobertolle', 'robertolle', 'roberto', 'bertolle', 'italia', 'italy', 'umbria', 'terni', 'musica', 'music', 'pop', 'rock', 'recitazione', 'danza', 'giannineri', 'vocalmaster']",Concerto di Natale (2019) Vocal Master - 9215,https://www.flickr.com/photos/robertobertolle/49397914703/
188,49398390861,"['robertobertolle', 'robertolle', 'roberto', 'bertolle', 'italia', 'italy', 'umbria', 'terni', 'musica', 'music', 'pop', 'rock', 'recitazione', 'danza', 'giannineri', 'vocalmaster']",Concerto di Natale (2019) Vocal Master - 9216,https://www.flickr.com/photos/robertobertolle/49398390861/
189,49398390746,"['robertobertolle', 'robertolle', 'roberto', 'bertolle', 'italia', 'italy', 'umbria', 'terni', 'musica', 'music', 'pop', 'rock', 'recitazione', 'danza', 'giannineri', 'vocalmaster']",Concerto di Natale (2019) Vocal Master - 9217,https://www.flickr.com/photos/robertobertolle/49398390746/
190,49397914408,"['robertobertolle', 'robertolle', 'roberto', 'bertolle', 'italia', 'italy', 'umbria', 'terni', 'musica', 'music', 'pop', 'rock', 'recitazione', 'danza', 'giannineri', 'vocalmaster']",Concerto di Natale (2019) Vocal Master - 9218,https://www.flickr.com/photos/robertobertolle/49397914408/
191,49397914318,"['robertobertolle', 'robertolle', 'roberto', 'bertolle', 'italia', 'italy', 'umbria', 'terni', 'musica', 'music', 'pop', 'rock', 'recitazione', 'danza', 'giannineri', 'vocalmaster']",Concerto di Natale (2019) Vocal Master - 9219,https://www.flickr.com/photos/robertobertolle/49397914318/
192,49398390486,"['robertobertolle', 'robertolle', 'roberto', 'bertolle', 'italia', 'italy', 'umbria', 'terni', 'musica', 'music', 'pop', 'rock', 'recitazione', 'danza', 'giannineri', 'vocalmaster']",Concerto di Natale (2019) Vocal Master - 9220,https://www.flickr.com/photos/robertobertolle/49398390486/
193,49398390416,"['robertobertolle', 'robertolle', 'roberto', 'bertolle', 'italia', 'italy', 'umbria', 'terni', 'musica', 'music', 'pop', 'rock', 'recitazione', 'danza', 'giannineri', 'vocalmaster']",Concerto di Natale (2019) Vocal Master - 9221,https://www.flickr.com/photos/robertobertolle/49398390416/
194,49398390341,"['robertobertolle', 'robertolle', 'roberto', 'bertolle', 'italia', 'italy', 'umbria', 'terni', 'musica', 'music', 'pop', 'rock', 'recitazione', 'danza', 'giannineri', 'vocalmaster']",Concerto di Natale (2019) Vocal Master - 9222,https://www.flickr.com/photos/robertobertolle/49398390341/
195,49398390281,"['robertobertolle', 'robertolle', 'roberto', 'bertolle', 'italia', 'italy', 'umbria', 'terni', 'musica', 'music', 'pop', 'rock', 'recitazione', 'danza', 'giannineri', 'vocalmaster']",Concerto di Natale (2019) Vocal Master - 9226,https://www.flickr.com/photos/robertobertolle/49398390281/
196,49398390246,"['robertobertolle', 'robertolle', 'roberto', 'bertolle', 'italia', 'italy', 'umbria', 'terni', 'musica', 'music', 'pop', 'rock', 'recitazione', 'danza', 'giannineri', 'vocalmaster']",Concerto di Natale (2019) Vocal Master - 9227,https://www.flickr.com/photos/robertobertolle/49398390246/
197,49397913803,"['robertobertolle', 'robertolle', 'roberto', 'bertolle', 'italia', 'italy', 'umbria', 'terni', 'musica', 'music', 'pop', 'rock', 'recitazione', 'danza', 'giannineri', 'vocalmaster']",Concerto di Natale (2019) Vocal Master - 9228,https://www.flickr.com/photos/robertobertolle/49397913803/
198,49397913723,"['robertobertolle', 'robertolle', 'roberto', 'bertolle', 'italia', 'italy', 'umbria', 'terni', 'musica', 'music', 'pop', 'rock', 'recitazione', 'danza', 'giannineri', 'vocalmaster']",Concerto di Natale (2019) Vocal Master - 9229,https://www.flickr.com/photos/robertobertolle/49397913723/
199,49397913663,"['robertobertolle', 'robertolle', 'roberto', 'bertolle', 'italia', 'italy', 'umbria', 'terni', 'musica', 'music', 'pop', 'rock', 'recitazione', 'danza', 'giannineri', 'vocalmaster']",Concerto di Natale (2019) Vocal Master - 9230,https://www.flickr.com/photos/robertobertolle/49397913663/
200,49398390036,"['robertobertolle', 'robertolle', 'roberto', 'bertolle', 'italia', 'italy', 'umbria', 'terni', 'musica', 'music', 'pop', 'rock', 'recitazione', 'danza', 'giannineri', 'vocalmaster']",Concerto di Natale (2019) Vocal Master - 9231,https://www.flickr.com/photos/robertobertolle/49398390036/
201,49398601847,"['robertobertolle', 'robertolle', 'roberto', 'bertolle', 'italia', 'italy', 'umbria', 'terni', 'musica', 'music', 'pop', 'rock', 'recitazione', 'danza', 'giannineri', 'vocalmaster']",Concerto di Natale (2019) Vocal Master - 9232,https://www.flickr.com/photos/robertobertolle/49398601847/
202,49398389951,"['robertobertolle', 'robertolle', 'roberto', 'bertolle', 'italia', 'italy', 'umbria', 'terni', 'musica', 'music', 'pop', 'rock', 'recitazione', 'danza', 'giannineri', 'vocalmaster']",Concerto di Natale (2019) Vocal Master - 9233,https://www.flickr.com/photos/robertobertolle/49398389951/
203,49398601772,"['robertobertolle', 'robertolle', 'roberto', 'bertolle', 'italia', 'italy', 'umbria', 'terni', 'musica', 'music', 'pop', 'rock', 'recitazione', 'danza', 'giannineri', 'vocalmaster']",Concerto di Natale (2019) Vocal Master - 9234,https://www.flickr.com/photos/robertobertolle/49398601772/
204,49398601742,"['robertobertolle', 'robertolle', 'roberto', 'bertolle', 'italia', 'italy', 'umbria', 'terni', 'musica', 'music', 'pop', 'rock', 'recitazione', 'danza', 'giannineri', 'vocalmaster']",Concerto di Natale (2019) Vocal Master - 9235,https://www.flickr.com/photos/robertobertolle/49398601742/
205,49398601707,"['robertobertolle', 'robertolle', 'roberto', 'bertolle', 'italia', 'italy', 'umbria', 'terni', 'musica', 'music', 'pop', 'rock', 'recitazione', 'danza', 'giannineri', 'vocalmaster']",Concerto di Natale (2019) Vocal Master - 9236,https://www.flickr.com/photos/robertobertolle/49398601707/
206,49397913308,"['robertobertolle', 'robertolle', 'roberto', 'bertolle', 'italia', 'italy', 'umbria', 'terni', 'musica', 'music', 'pop', 'rock', 'recitazione', 'danza', 'giannineri', 'vocalmaster']",Concerto di Natale (2019) Vocal Master - 9237,https://www.flickr.com/photos/robertobertolle/49397913308/
207,49398601577,"['robertobertolle', 'robertolle', 'roberto', 'bertolle', 'italia', 'italy', 'umbria', 'terni', 'musica', 'music', 'pop', 'rock', 'recitazione', 'danza', 'giannineri', 'vocalmaster']",Concerto di Natale (2019) Vocal Master - 9238,https://www.flickr.com/photos/robertobertolle/49398601577/
208,49398389711,"['robertobertolle', 'robertolle', 'roberto', 'bertolle', 'italia', 'italy', 'umbria', 'terni', 'musica', 'music', 'pop', 'rock', 'recitazione', 'danza', 'giannineri', 'vocalmaster']",Concerto di Natale (2019) Vocal Master - 9239,https://www.flickr.com/photos/robertobertolle/49398389711/
209,49398389641,"['robertobertolle', 'robertolle', 'roberto', 'bertolle', 'italia', 'italy', 'umbria', 'terni', 'musica', 'music', 'pop', 'rock', 'recitazione', 'danza', 'giannineri', 'vocalmaster']",Concerto di Natale (2019) Vocal Master - 9240,https://www.flickr.com/photos/robertobertolle/49398389641/
210,49398601342,"['robertobertolle', 'robertolle', 'roberto', 'bertolle', 'italia', 'italy', 'umbria', 'terni', 'musica', 'music', 'pop', 'rock', 'recitazione', 'danza', 'giannineri', 'vocalmaster']",Concerto di Natale (2019) Vocal Master - 9241,https://www.flickr.com/photos/robertobertolle/49398601342/
211,49398601297,"['robertobertolle', 'robertolle', 'roberto', 'bertolle', 'italia', 'italy', 'umbria', 'terni', 'musica', 'music', 'pop', 'rock', 'recitazione', 'danza', 'giannineri', 'vocalmaster']",Concerto di Natale (2019) Vocal Master - 9243,https://www.flickr.com/photos/robertobertolle/49398601297/
212,49398601202,"['robertobertolle', 'robertolle', 'roberto', 'bertolle', 'italia', 'italy', 'umbria', 'terni', 'musica', 'music', 'pop', 'rock', 'recitazione', 'danza', 'giannineri', 'vocalmaster']",Concerto di Natale (2019) Vocal Master - 9244,https://www.flickr.com/photos/robertobertolle/49398601202/
213,49398601142,"['robertobertolle', 'robertolle', 'roberto', 'bertolle', 'italia', 'italy', 'umbria', 'terni', 'musica', 'music', 'pop', 'rock', 'recitazione', 'danza', 'giannineri', 'vocalmaster']",Concerto di Natale (2019) Vocal Master - 9245,https://www.flickr.com/photos/robertobertolle/49398601142/
214,49397912768,"['robertobertolle', 'robertolle', 'roberto', 'bertolle', 'italia', 'italy', 'umbria', 'terni', 'musica', 'music', 'pop', 'rock', 'recitazione', 'danza', 'giannineri', 'vocalmaster']",Concerto di Natale (2019) Vocal Master - 9246,https://www.flickr.com/photos/robertobertolle/49397912768/
215,49397912693,"['robertobertolle', 'robertolle', 'roberto', 'bertolle', 'italia', 'italy', 'umbria', 'terni', 'musica', 'music', 'pop', 'rock', 'recitazione', 'danza', 'giannineri', 'vocalmaster']",Concerto di Natale (2019) Vocal Master - 9247,https://www.flickr.com/photos/robertobertolle/49397912693/
216,49397912628,"['robertobertolle', 'robertolle', 'roberto', 'bertolle', 'italia', 'italy', 'umbria', 'terni', 'musica', 'music', 'pop', 'rock', 'recitazione', 'danza', 'giannineri', 'vocalmaster']",Concerto di Natale (2019) Vocal Master - 9248,https://www.flickr.com/photos/robertobertolle/49397912628/
217,49397912548,"['robertobertolle', 'robertolle', 'roberto', 'bertolle', 'italia', 'italy', 'umbria', 'terni', 'musica', 'music', 'pop', 'rock', 'recitazione', 'danza', 'giannineri', 'vocalmaster']",Concerto di Natale (2019) Vocal Master - 9249,https://www.flickr.com/photos/robertobertolle/49397912548/
218,49398600767,"['robertobertolle', 'robertolle', 'roberto', 'bertolle', 'italia', 'italy', 'umbria', 'terni', 'musica', 'music', 'pop', 'rock', 'recitazione', 'danza', 'giannineri', 'vocalmaster']",Concerto di Natale (2019) Vocal Master - 9250,https://www.flickr.com/photos/robertobertolle/49398600767/
219,49398600712,"['robertobertolle', 'robertolle', 'roberto', 'bertolle', 'italia', 'italy', 'umbria', 'terni', 'musica', 'music', 'pop', 'rock', 'recitazione', 'danza', 'giannineri', 'vocalmaster']",Concerto di Natale (2019) Vocal Master - 9251,https://www.flickr.com/photos/robertobertolle/49398600712/
220,49398388931,"['robertobertolle', 'robertolle', 'roberto', 'bertolle', 'italia', 'italy', 'umbria', 'terni', 'musica', 'music', 'pop', 'rock', 'recitazione', 'danza', 'giannineri', 'vocalmaster']",Concerto di Natale (2019) Vocal Master - 9252,https://www.flickr.com/photos/robertobertolle/49398388931/
221,49398595177,"['robertobertolle', 'robertolle', 'roberto', 'bertolle', 'italia', 'italy', 'umbria', 'terni', 'musica', 'music', 'pop', 'rock', 'recitazione', 'danza', 'giannineri', 'vocalmaster']",Concerto di Natale (2019) Vocal Master - 9314,https://www.flickr.com/photos/robertobertolle/49398595177/
222,49398595037,"['robertobertolle', 'robertolle', 'roberto', 'bertolle', 'italia', 'italy', 'umbria', 'terni', 'musica', 'music', 'pop', 'rock', 'recitazione', 'danza', 'giannineri', 'vocalmaster']",Concerto di Natale (2019) Vocal Master - 9313,https://www.flickr.com/photos/robertobertolle/49398595037/
223,49398383141,"['robertobertolle', 'robertolle', 'roberto', 'bertolle', 'italia', 'italy', 'umbria', 'terni', 'musica', 'music', 'pop', 'rock', 'recitazione', 'danza', 'giannineri', 'vocalmaster']",Concerto di Natale (2019) Vocal Master - 9312,https://www.flickr.com/photos/robertobertolle/49398383141/
224,49398383051,"['robertobertolle', 'robertolle', 'roberto', 'bertolle', 'italia', 'italy', 'umbria', 'terni', 'musica', 'music', 'pop', 'rock', 'recitazione', 'danza', 'giannineri', 'vocalmaster']",Concerto di Natale (2019) Vocal Master - 9311,https://www.flickr.com/photos/robertobertolle/49398383051/
225,49398382921,"['robertobertolle', 'robertolle', 'roberto', 'bertolle', 'italia', 'italy', 'umbria', 'terni', 'musica', 'music', 'pop', 'rock', 'recitazione', 'danza', 'giannineri', 'vocalmaster']",Concerto di Natale (2019) Vocal Master - 9310,https://www.flickr.com/photos/robertobertolle/49398382921/
226,49397905943,"['robertobertolle', 'robertolle', 'roberto', 'bertolle', 'italia', 'italy', 'umbria', 'terni', 'musica', 'music', 'pop', 'rock', 'recitazione', 'danza', 'giannineri', 'vocalmaster']",Concerto di Natale (2019) Vocal Master - 9309,https://www.flickr.com/photos/robertobertolle/49397905943/
227,49398594462,"['robertobertolle', 'robertolle', 'roberto', 'bertolle', 'italia', 'italy', 'umbria', 'terni', 'musica', 'music', 'pop', 'rock', 'recitazione', 'danza', 'giannineri', 'vocalmaster']",Concerto di Natale (2019) Vocal Master - 9308,https://www.flickr.com/photos/robertobertolle/49398594462/
228,49397905723,"['robertobertolle', 'robertolle', 'roberto', 'bertolle', 'italia', 'italy', 'umbria', 'terni', 'musica', 'music', 'pop', 'rock', 'recitazione', 'danza', 'giannineri', 'vocalmaster']",Concerto di Natale (2019) Vocal Master - 9307,https://www.flickr.com/photos/robertobertolle/49397905723/
229,49397905578,"['robertobertolle', 'robertolle', 'roberto', 'bertolle', 'italia', 'italy', 'umbria', 'terni', 'musica', 'music', 'pop', 'rock', 'recitazione', 'danza', 'giannineri', 'vocalmaster']",Concerto di Natale (2019) Vocal Master - 9306,https://www.flickr.com/photos/robertobertolle/49397905578/
230,49398382056,"['robertobertolle', 'robertolle', 'roberto', 'bertolle', 'italia', 'italy', 'umbria', 'terni', 'musica', 'music', 'pop', 'rock', 'recitazione', 'danza', 'giannineri', 'vocalmaster']",Concerto di Natale (2019) Vocal Master - 9305,https://www.flickr.com/photos/robertobertolle/49398382056/
231,49397905148,"['robertobertolle', 'robertolle', 'roberto', 'bertolle', 'italia', 'italy', 'umbria', 'terni', 'musica', 'music', 'pop', 'rock', 'recitazione', 'danza', 'giannineri', 'vocalmaster']",Concerto di Natale (2019) Vocal Master - 9304,https://www.flickr.com/photos/robertobertolle/49397905148/
232,49398381791,"['robertobertolle', 'robertolle', 'roberto', 'bertolle', 'italia', 'italy', 'umbria', 'terni', 'musica', 'music', 'pop', 'rock', 'recitazione', 'danza', 'giannineri', 'vocalmaster']",Concerto di Natale (2019) Vocal Master - 9303,https://www.flickr.com/photos/robertobertolle/49398381791/
233,49397904833,"['robertobertolle', 'robertolle', 'roberto', 'bertolle', 'italia', 'italy', 'umbria', 'terni', 'musica', 'music', 'pop', 'rock', 'recitazione', 'danza', 'giannineri', 'vocalmaster']",Concerto di Natale (2019) Vocal Master - 9302,https://www.flickr.com/photos/robertobertolle/49397904833/
234,49397904683,"['robertobertolle', 'robertolle', 'roberto', 'bertolle', 'italia', 'italy', 'umbria', 'terni', 'musica', 'music', 'pop', 'rock', 'recitazione', 'danza', 'giannineri', 'vocalmaster']",Concerto di Natale (2019) Vocal Master - 9301,https://www.flickr.com/photos/robertobertolle/49397904683/
235,49398381306,"['robertobertolle', 'robertolle', 'roberto', 'bertolle', 'italia', 'italy', 'umbria', 'terni', 'musica', 'music', 'pop', 'rock', 'recitazione', 'danza', 'giannineri', 'vocalmaster']",Concerto di Natale (2019) Vocal Master - 9300,https://www.flickr.com/photos/robertobertolle/49398381306/
236,49398592962,"['robertobertolle', 'robertolle', 'roberto', 'bertolle', 'italia', 'italy', 'umbria', 'terni', 'musica', 'music', 'pop', 'rock', 'recitazione', 'danza', 'giannineri', 'vocalmaster']",Concerto di Natale (2019) Vocal Master - 9299,https://www.flickr.com/photos/robertobertolle/49398592962/
237,49397904083,"['robertobertolle', 'robertolle', 'roberto', 'bertolle', 'italia', 'italy', 'umbria', 'terni', 'musica', 'music', 'pop', 'rock', 'recitazione', 'danza', 'giannineri', 'vocalmaster']",Concerto di Natale (2019) Vocal Master - 9298,https://www.flickr.com/photos/robertobertolle/49397904083/
238,49397903863,"['robertobertolle', 'robertolle', 'roberto', 'bertolle', 'italia', 'italy', 'umbria', 'terni', 'musica', 'music', 'pop', 'rock', 'recitazione', 'danza', 'giannineri', 'vocalmaster']",Concerto di Natale (2019) Vocal Master - 9297,https://www.flickr.com/photos/robertobertolle/49397903863/
239,49398380776,"['robertobertolle', 'robertolle', 'roberto', 'bertolle', 'italia', 'italy', 'umbria', 'terni', 'musica', 'music', 'pop', 'rock', 'recitazione', 'danza', 'giannineri', 'vocalmaster']",Concerto di Natale (2019) Vocal Master - 9296,https://www.flickr.com/photos/robertobertolle/49398380776/
240,49398592292,"['robertobertolle', 'robertolle', 'roberto', 'bertolle', 'italia', 'italy', 'umbria', 'terni', 'musica', 'music', 'pop', 'rock', 'recitazione', 'danza', 'giannineri', 'vocalmaster']",Concerto di Natale (2019) Vocal Master - 9295,https://www.flickr.com/photos/robertobertolle/49398592292/
241,49398380436,"['robertobertolle', 'robertolle', 'roberto', 'bertolle', 'italia', 'italy', 'umbria', 'terni', 'musica', 'music', 'pop', 'rock', 'recitazione', 'danza', 'giannineri', 'vocalmaster']",Concerto di Natale (2019) Vocal Master - 9294,https://www.flickr.com/photos/robertobertolle/49398380436/
242,49398380306,"['robertobertolle', 'robertolle', 'roberto', 'bertolle', 'italia', 'italy', 'umbria', 'terni', 'musica', 'music', 'pop', 'rock', 'recitazione', 'danza', 'giannineri', 'vocalmaster']",Concerto di Natale (2019) Vocal Master - 9293,https://www.flickr.com/photos/robertobertolle/49398380306/
243,49398380056,"['robertobertolle', 'robertolle', 'roberto', 'bertolle', 'italia', 'italy', 'umbria', 'terni', 'musica', 'music', 'pop', 'rock', 'recitazione', 'danza', 'giannineri', 'vocalmaster']",Concerto di Natale (2019) Vocal Master - 9292,https://www.flickr.com/photos/robertobertolle/49398380056/
244,49398591742,"['robertobertolle', 'robertolle', 'roberto', 'bertolle', 'italia', 'italy', 'umbria', 'terni', 'musica', 'music', 'pop', 'rock', 'recitazione', 'danza', 'giannineri', 'vocalmaster']",Concerto di Natale (2019) Vocal Master - 9291,https://www.flickr.com/photos/robertobertolle/49398591742/
245,49398591582,"['robertobertolle', 'robertolle', 'roberto', 'bertolle', 'italia', 'italy', 'umbria', 'terni', 'musica', 'music', 'pop', 'rock', 'recitazione', 'danza', 'giannineri', 'vocalmaster']",Concerto di Natale (2019) Vocal Master - 9290,https://www.flickr.com/photos/robertobertolle/49398591582/
246,49397902513,"['robertobertolle', 'robertolle', 'roberto', 'bertolle', 'italia', 'italy', 'umbria', 'terni', 'musica', 'music', 'pop', 'rock', 'recitazione', 'danza', 'giannineri', 'vocalmaster']",Concerto di Natale (2019) Vocal Master - 9289,https://www.flickr.com/photos/robertobertolle/49397902513/
247,49398379301,"['robertobertolle', 'robertolle', 'roberto', 'bertolle', 'italia', 'italy', 'umbria', 'terni', 'musica', 'music', 'pop', 'rock', 'recitazione', 'danza', 'giannineri', 'vocalmaster']",Concerto di Natale (2019) Vocal Master - 9288,https://www.flickr.com/photos/robertobertolle/49398379301/
248,49397902118,"['robertobertolle', 'robertolle', 'roberto', 'bertolle', 'italia', 'italy', 'umbria', 'terni', 'musica', 'music', 'pop', 'rock', 'recitazione', 'danza', 'giannineri', 'vocalmaster']",Concerto di Natale (2019) Vocal Master - 9287,https://www.flickr.com/photos/robertobertolle/49397902118/
249,49397901968,"['robertobertolle', 'robertolle', 'roberto', 'bertolle', 'italia', 'italy', 'umbria', 'terni', 'musica', 'music', 'pop', 'rock', 'recitazione', 'danza', 'giannineri', 'vocalmaster']",Concerto di Natale (2019) Vocal Master - 9286,https://www.flickr.com/photos/robertobertolle/49397901968/
